car_id,brand,model,year,price_ex_showroom,base_price,top_variant_price,engine_cc,horsepower,torque,fuel_type,transmission,fuel_tank_capacity,mileage_combined,seating_capacity,boot_space,ground_clearance,length,width,height,safety_rating,airbags_count,abs,ebd,esc,traction_control,rear_parking_sensors,rear_camera,hill_assist,tpms,isofix_mounts,infotainment_system,touchscreen,android_auto,apple_carplay,automatic_climate_control,cruise_control,keyless_entry,push_button_start,sunroof,body_type
1,Maruti Suzuki,Swift,2024,1083029,1083029,1838251,1442,163,255,Diesel,Automatic,43,18.5,6,279,196,3601,1654,1808,3,6,True,True,False,True,True,True,False,False,True,True,True,True,True,True,True,True,False,False,Hatchback
2,Maruti Suzuki,Baleno,2024,2068580,2068580,2386891,2240,147,153,Hybrid,Manual,64,16.5,7,467,181,3894,1653,1607,3,4,True,True,True,False,True,True,True,False,True,True,True,True,True,False,False,True,False,True,Sedan
3,Maruti Suzuki,Alto K10,2024,2117106,2117106,2537634,1025,135,198,Hybrid,Automatic,69,18.1,6,483,175,4358,1949,1614,4,6,True,True,True,False,True,False,True,True,True,True,True,True,True,False,False,True,True,False,Hatchback
4,Maruti Suzuki,WagonR,2024,695254,695254,1347748,1688,156,180,Petrol,Manual,53,15.0,4,283,184,4360,1791,1522,3,6,True,True,True,True,True,True,False,True,True,True,True,True,True,False,True,True,False,False,SUV
5,Maruti Suzuki,Celerio,2024,1146395,1146395,1540665,1513,249,295,Electric,Manual,67,18.5,7,415,168,3895,1689,1603,5,6,True,True,True,False,True,True,False,True,True,True,True,True,True,False,True,True,False,True,SUV
6,Maruti Suzuki,Ignis,2024,523315,523315,1023267,1709,215,152,Hybrid,Automatic,57,16.2,4,581,206,4248,1928,1405,5,4,True,True,True,True,True,False,False,True,True,True,True,True,True,True,False,True,False,False,Sedan
7,Maruti Suzuki,Dzire,2024,732162,732162,979511,2008,149,182,Electric,Manual,56,15.8,6,533,173,4063,1715,1662,4,2,True,True,True,True,True,True,True,True,True,True,True,True,True,True,True,True,True,False,Sedan
8,Maruti Suzuki,Ciaz,2024,1742449,1742449,2273374,1228,123,159,Petrol,Automatic,65,22.1,7,684,204,4080,1810,1812,5,2,True,True,False,False,True,True,False,False,True,True,True,True,True,False,True,True,True,False,Hatchback
9,Maruti Suzuki,Brezza,2024,1869357,1869357,2522733,2572,228,365,Petrol,Manual,43,16.4,7,652,205,3937,1939,1615,4,4,True,True,False,True,True,False,True,True,True,True,True,True,True,True,True,True,False,False,Hatchback
10,Maruti Suzuki,Ertiga,2024,2425727,2425727,3026425,2142,173,203,Petrol,Automatic,57,15.2,5,403,173,3956,1751,1817,5,4,True,True,False,False,True,True,False,True,True,True,True,True,True,True,False,True,True,True,MUV
11,Maruti Suzuki,XL6,2024,2074651,2074651,2776323,2458,80,143,Hybrid,Manual,50,23.3,6,269,179,3884,1742,1857,3,4,True,True,False,False,True,True,True,False,True,True,True,True,True,False,True,True,False,False,SUV
12,Maruti Suzuki,Grand Vitara,2024,545437,545437,1334463,2242,191,163,Diesel,Manual,41,20.0,5,699,210,4450,1617,1517,4,4,True,True,False,False,True,False,True,False,True,True,True,True,True,False,True,True,False,True,SUV
13,Maruti Suzuki,Fronx,2024,674494,674494,1242191,2343,237,349,Petrol,Manual,59,24.2,7,610,168,4004,1659,1861,5,6,True,True,False,True,True,False,True,False,True,True,True,True,True,False,False,True,False,True,SUV
14,Maruti Suzuki,Jimny,2024,1724567,1724567,2438495,1145,100,354,Diesel,Manual,67,19.7,5,432,183,4270,1910,1624,4,6,True,True,False,True,True,True,False,True,True,True,True,True,True,True,True,True,True,True,SUV
15,Maruti Suzuki,S-Presso,2024,1789429,1789429,2036668,1113,133,368,Petrol,Automatic,53,17.6,7,554,206,4758,1656,1416,4,4,True,True,False,False,True,False,False,False,True,True,True,True,True,False,False,True,False,True,MUV
16,Hyundai,i10 Nios,2024,1867815,1867815,2545068,1229,225,347,Diesel,Manual,56,23.9,4,552,200,3912,1841,1434,5,6,True,True,False,True,True,True,True,False,True,True,True,True,True,False,True,True,False,False,Hatchback
17,Hyundai,i20,2024,731562,731562,1205727,2101,124,224,Petrol,Manual,55,13.4,6,316,205,4503,1868,1487,5,4,True,True,False,False,True,True,True,False,True,True,True,True,True,True,False,True,True,False,Sedan
18,Hyundai,Aura,2024,981805,981805,1675051,2230,249,386,Petrol,Manual,43,22.7,4,506,204,3788,1963,1596,3,6,True,True,True,True,True,False,False,False,True,True,True,True,True,False,False,True,False,True,SUV
19,Hyundai,Verna,2024,779402,779402,1299945,2304,74,242,Petrol,Manual,52,20.4,6,222,193,4213,1944,1414,4,6,True,True,True,True,True,True,True,True,True,True,True,True,True,False,True,True,False,True,SUV
20,Hyundai,Creta,2024,2174334,2174334,2579380,2938,237,138,Hybrid,Manual,65,15.6,4,390,207,4132,1960,1800,3,4,True,True,True,True,True,True,False,False,True,True,True,True,True,True,True,True,True,False,Sedan
21,Hyundai,Venue,2024,983113,983113,1562426,1320,185,267,Electric,Manual,47,19.2,6,635,167,4832,1683,1749,4,4,True,True,False,False,True,True,True,False,True,True,True,True,True,True,False,True,True,True,Sedan
22,Hyundai,Alcazar,2024,888839,888839,1230748,1278,212,171,Diesel,Automatic,60,24.8,4,569,210,4153,1860,1806,3,4,True,True,True,False,True,True,False,True,True,True,True,True,True,True,False,True,False,False,Hatchback
23,Hyundai,Exter,2024,2364753,2364753,2766599,2874,143,192,Electric,Manual,39,16.5,6,680,194,3808,1820,1842,4,2,True,True,True,True,True,True,False,False,True,True,True,True,True,True,True,True,True,False,MUV
24,Tata,Tiago,2024,1336766,1336766,1868457,2384,74,253,Electric,Manual,48,17.7,6,377,162,3780,1913,1440,5,4,True,True,False,False,True,True,False,False,True,True,True,True,True,True,False,True,True,True,Hatchback
25,Tata,Tigor,2024,2072150,2072150,2450151,1214,202,150,Petrol,Automatic,31,22.1,5,390,179,3721,1772,1895,5,6,True,True,False,False,True,True,False,True,True,True,True,True,True,True,False,True,False,True,MUV
26,Tata,Altroz,2024,2145700,2145700,2927424,1263,149,396,Petrol,Manual,52,17.3,7,666,179,4598,1743,1785,5,2,True,True,False,False,True,False,False,False,True,True,True,True,True,False,False,True,True,True,MUV
27,Tata,Punch,2024,1921471,1921471,2625564,2930,72,303,Diesel,Automatic,59,24.7,5,488,163,4714,1936,1764,3,6,True,True,True,True,True,False,False,True,True,True,True,True,True,False,False,True,False,False,SUV
28,Tata,Nexon,2024,2348324,2348324,2913807,2287,226,198,Diesel,Manual,30,12.7,4,486,220,4418,1647,1442,3,4,True,True,False,False,True,True,False,False,True,True,True,True,True,False,False,True,True,False,Sedan
29,Tata,Harrier,2024,641283,641283,996256,2461,109,235,Petrol,Automatic,40,23.3,4,388,160,3962,1655,1409,5,6,True,True,False,False,True,False,False,True,True,True,True,True,True,True,False,True,True,False,SUV
30,Tata,Safari,2024,768692,768692,1162080,1356,188,309,Petrol,Manual,64,13.3,4,347,182,3692,1667,1515,5,2,True,True,True,False,True,True,True,True,True,True,True,True,True,True,True,True,False,True,Hatchback
31,Renault,Kiger,2024,1866106,1866106,2272625,1562,119,173,Diesel,Manual,48,12.6,5,486,174,3691,1707,1710,3,2,True,True,True,False,True,False,False,True,True,True,True,True,True,False,True,True,False,False,Sedan
32,Renault,Triber,2024,708571,708571,1165407,2228,134,183,Electric,Automatic,46,12.3,5,496,192,4521,1903,1432,4,2,True,True,False,False,True,False,False,False,True,True,True,True,True,True,True,True,False,False,MUV
33,Nissan,Magnite,2024,798618,798618,1014626,1869,126,304,Petrol,Automatic,63,13.7,4,622,189,3755,1808,1873,5,2,True,True,False,True,True,False,True,True,True,True,True,True,True,True,True,True,True,True,Hatchback
34,Skoda,Slavia,2024,1063877,1063877,1393211,1861,227,340,Diesel,Automatic,54,18.1,7,342,185,4260,1788,1890,5,4,True,True,True,True,True,True,False,False,True,True,True,True,True,True,False,True,True,True,Hatchback
35,Skoda,Kushaq,2024,2227757,2227757,2813270,1883,228,223,Electric,Manual,60,21.4,5,536,164,3604,1807,1576,4,4,True,True,False,False,True,False,False,True,True,True,True,True,True,True,False,True,True,False,SUV
36,Volkswagen,Virtus,2024,1895223,1895223,2120774,2880,142,263,Electric,Automatic,36,19.1,4,567,220,4360,1729,1868,4,6,True,True,False,False,True,False,True,False,True,True,True,True,True,False,False,True,False,True,Hatchback
37,Volkswagen,Taigun,2024,2333905,2333905,3100124,1693,219,124,Electric,Automatic,47,19.5,4,587,190,4303,1618,1780,5,4,True,True,True,False,True,False,True,False,True,True,True,True,True,False,True,True,False,True,Hatchback
38,Honda,City,2024,1697756,1697756,1948483,1508,211,250,Diesel,Manual,61,13.0,6,520,164,4097,1995,1715,4,6,True,True,True,True,True,True,True,True,True,True,True,True,True,True,True,True,False,False,Sedan
39,Honda,Amaze,2024,513994,513994,1096493,2124,194,172,Petrol,Automatic,61,24.2,7,569,188,4297,1651,1636,5,2,True,True,False,False,True,True,False,True,True,True,True,True,True,False,True,True,False,False,Hatchback
40,Honda,Elevate,2024,966089,966089,1689617,1579,96,185,Diesel,Automatic,33,17.7,7,457,169,4042,1953,1445,3,6,True,True,True,False,True,True,False,True,True,True,True,True,True,True,False,True,True,False,SUV
41,Mahindra,Thar,2024,2129618,2129618,2444024,2133,150,166,Diesel,Automatic,41,24.8,7,545,216,3752,1713,1854,4,2,True,True,False,False,True,True,True,True,True,True,True,True,True,False,True,True,True,False,Hatchback
42,Mahindra,XUV300,2024,1740990,1740990,2123251,2536,132,210,Hybrid,Automatic,44,22.3,6,628,216,4753,1981,1682,4,6,True,True,False,False,True,False,True,False,True,True,True,True,True,False,True,True,False,True,SUV
43,Mahindra,XUV400,2024,2102902,2102902,2650762,1557,218,220,Electric,Automatic,46,23.3,4,386,199,4369,1937,1417,3,6,True,True,True,False,True,False,True,False,True,True,True,True,True,True,False,True,True,False,Hatchback
44,Mahindra,XUV700,2024,1605469,1605469,2072621,2103,216,188,Petrol,Manual,50,13.2,5,692,192,4740,1993,1439,4,6,True,True,True,True,True,True,True,False,True,True,True,True,True,False,True,True,False,True,SUV
45,Mahindra,Scorpio N,2024,1286960,1286960,1649534,2273,221,311,Hybrid,Automatic,51,23.8,5,362,195,3634,1667,1582,3,6,True,True,False,False,True,True,True,True,True,True,True,True,True,True,True,True,False,False,MUV
46,Mahindra,Bolero,2024,886894,886894,1198109,1442,101,124,Petrol,Manual,45,13.1,6,203,174,3923,1833,1487,5,6,True,True,False,True,True,True,True,False,True,True,True,True,True,False,True,True,True,True,SUV
47,Mahindra,Bolero Neo,2024,1998382,1998382,2200153,2007,189,312,Diesel,Automatic,55,15.8,5,641,175,4540,1660,1832,5,2,True,True,False,False,True,True,True,False,True,True,True,True,True,True,False,True,False,True,SUV
48,Kia,Seltos,2024,1038536,1038536,1736525,1297,120,397,Electric,Manual,64,15.9,5,250,201,4791,1699,1743,3,2,True,True,True,False,True,True,True,False,True,True,True,True,True,False,False,True,False,True,SUV
49,Kia,Sonet,2024,2027603,2027603,2384577,1853,90,177,Electric,Automatic,36,23.1,4,278,209,3682,1806,1780,4,6,True,True,True,False,True,True,False,False,True,True,True,True,True,True,False,True,True,False,SUV
50,Kia,Carens,2024,1903975,1903975,2440150,2106,196,331,Electric,Automatic,69,17.1,4,449,175,4763,1848,1818,4,4,True,True,True,True,True,True,True,False,True,True,True,True,True,False,True,True,False,False,MUV
51,Toyota,Innova Crysta,2024,1328457,1328457,1918840,2025,218,146,Petrol,Manual,43,21.5,7,625,216,3867,1744,1578,5,6,True,True,True,False,True,True,True,True,True,True,True,True,True,True,False,True,True,True,SUV
52,Toyota,Innova Hycross,2024,1115178,1115178,1486556,2891,156,315,Diesel,Manual,36,13.8,7,564,211,4149,1852,1879,4,6,True,True,True,True,True,False,True,False,True,True,True,True,True,False,True,True,False,False,SUV
53,Toyota,Fortuner,2024,2392415,2392415,3078989,2714,219,249,Electric,Automatic,51,18.4,5,294,168,4431,1742,1644,4,6,True,True,True,False,True,True,True,True,True,True,True,True,True,False,False,True,False,False,MUV
54,Toyota,Glanza,2024,1869681,1869681,2606286,1012,239,135,Diesel,Manual,38,14.8,5,675,197,4018,1933,1842,4,4,True,True,False,False,True,False,True,False,True,True,True,True,True,False,True,True,False,False,Hatchback
55,Toyota,Urban Cruiser Hyryder,2024,2075838,2075838,2806386,1865,213,155,Petrol,Manual,31,20.2,6,405,164,3698,1828,1449,3,4,True,True,True,False,True,False,False,False,True,True,True,True,True,True,True,True,False,True,SUV
56,Jeep,Compass,2024,2099932,2099932,2355231,2424,109,103,Petrol,Automatic,44,13.4,5,241,211,4542,1980,1556,4,6,True,True,True,False,True,False,True,True,True,True,True,True,True,True,False,True,False,True,Sedan
57,Jeep,Meridian,2024,509322,509322,1130729,1443,72,261,Diesel,Automatic,57,19.2,4,692,170,4399,1690,1860,4,6,True,True,True,False,True,False,True,False,True,True,True,True,True,True,False,True,True,True,Sedan
58,MG,Hector,2024,1186521,1186521,1392854,1599,200,170,Hybrid,Manual,35,22.2,7,415,206,4598,1676,1860,3,4,True,True,False,True,True,False,False,False,True,True,True,True,True,True,True,True,True,False,MUV
59,MG,Astor,2024,2154211,2154211,2682391,1219,197,335,Hybrid,Automatic,61,12.1,4,206,194,3909,1886,1844,4,4,True,True,True,True,True,False,False,False,True,True,True,True,True,True,True,True,False,True,MUV
60,MG,ZS EV,2024,2343865,2343865,2628033,2413,230,173,Hybrid,Automatic,35,24.8,6,239,209,4620,1923,1888,4,6,True,True,True,True,True,False,False,False,True,True,True,True,True,False,True,True,True,True,SUV
61,Citroen,C3,2024,1684522,1684522,2233600,2106,179,138,Diesel,Automatic,52,13.1,4,227,171,3852,1982,1877,3,2,True,True,False,True,True,False,False,False,True,True,True,True,True,True,False,True,False,False,Hatchback
62,Citroen,C3 Aircross,2024,659335,659335,1190961,2423,96,318,Hybrid,Manual,62,15.8,6,237,176,4493,1757,1893,3,4,True,True,False,True,True,False,False,False,True,True,True,True,True,True,False,True,False,True,MUV
63,MG,Comet EV,2024,620750,620750,1142921,2763,187,167,Diesel,Automatic,66,14.4,5,386,209,4886,1708,1871,4,4,True,True,False,True,True,True,True,False,True,True,True,True,True,False,False,True,False,True,Hatchback
64,Kia,EV6,2024,1817484,1817484,2484883,2666,236,304,Electric,Manual,51,14.9,6,262,160,4457,1884,1824,4,6,True,True,True,False,True,True,True,False,True,True,True,True,True,False,False,True,False,False,Hatchback
